,Accuracy,Precision,Recall,F1,ROC,Test_Accuracy,Test_Precision,Test_Recall,Test_F1,Test_ROC,Training_time
DATA_CLASS_decision_tree,0.9686609686609686,0.9569949494949497,0.9561111111111111,0.954375472996216,0.9656045751633988,0.9692307692307692,0.9795918367346939,0.9411764705882353,0.96,0.9642591213700671,0.24275493621826172
DATA_CLASS_random_forest,0.9927065527065527,0.9918888888888889,0.9875,0.9890919332645339,0.9913970588235295,0.9846153846153847,1.0,0.9607843137254902,0.98,0.9803921568627452,2.2495014667510986
FEATURE_ENVY_decision_tree,0.9529538461538464,0.9335905483405484,0.9265277777777777,0.9262929996560029,0.9461397058823529,0.9069767441860465,0.9,0.8181818181818182,0.8571428571428572,0.8855614973262033,0.2278611660003662
FEATURE_ENVY_random_forest,0.9555846153846155,0.9349920634920637,0.9325,0.9310719577979641,0.9496650326797385,0.937984496124031,0.9090909090909091,0.9090909090909091,0.9090909090909091,0.9310160427807487,2.2867133617401123
GOD_CLASS_decision_tree,0.958774928774929,0.9602121212121212,0.921388888888889,0.9361440734188413,0.9497140522875818,0.9769230769230769,0.9523809523809523,0.975609756097561,0.963855421686747,0.9765689229926007,0.2286686897277832
GOD_CLASS_random_forest,0.9751994301994305,0.9745176767676768,0.9548611111111112,0.9626124871001032,0.9701756535947713,0.9769230769230769,0.9523809523809523,0.975609756097561,0.963855421686747,0.9765689229926007,2.158782482147217
LONG_METHOD_decision_tree,0.9895999999999999,0.9882222222222222,0.98125,0.9832237456386064,0.9875204248366013,0.9922480620155039,1.0,0.9777777777777777,0.9887640449438202,0.9888888888888889,0.2466721534729004
LONG_METHOD_random_forest,0.9895692307692308,0.9830000000000001,0.9872222222222223,0.9841203990368078,0.9890686274509803,1.0,1.0,1.0,1.0,1.0,2.231975555419922
