,Accuracy,Precision,Recall,F1,ROC,Test_Accuracy,Test_Precision,Test_Recall,Test_F1,Test_ROC,Training_time
DATA_CLASS_decision_tree,0.9691025641025641,0.9586439393939394,0.9538888888888889,0.9542058823529413,0.9653758169934641,0.9846153846153847,1.0,0.9607843137254902,0.98,0.9803921568627452,0.21698451042175293
DATA_CLASS_random_forest,0.9935042735042736,0.9896388888888888,0.9920833333333334,0.9904218266253869,0.9931495098039216,0.9769230769230769,1.0,0.9411764705882353,0.9696969696969697,0.9705882352941176,2.1846704483032227
FEATURE_ENVY_decision_tree,0.9483692307692309,0.9332777777777777,0.91375,0.9176692504262164,0.9394893790849673,0.9302325581395349,0.9069767441860465,0.8863636363636364,0.896551724137931,0.9196524064171122,0.23308897018432617
FEATURE_ENVY_random_forest,0.9579846153846155,0.9372193362193363,0.9393055555555556,0.9349635608629417,0.9531168300653594,0.937984496124031,0.9090909090909091,0.9090909090909091,0.9090909090909091,0.9310160427807487,2.2749176025390625
GOD_CLASS_decision_tree,0.9602991452991455,0.9607853535353535,0.9269444444444445,0.939782274313234,0.9521813725490198,0.9769230769230769,0.9523809523809523,0.975609756097561,0.963855421686747,0.9765689229926007,0.21186399459838867
GOD_CLASS_random_forest,0.9736182336182335,0.9705681818181818,0.955,0.9606943584451325,0.9690849673202615,0.9846153846153847,0.9534883720930233,1.0,0.9761904761904763,0.9887640449438202,2.200836420059204
LONG_METHOD_decision_tree,0.9864923076923078,0.9822727272727273,0.9781944444444445,0.978352573553038,0.9842933006535948,0.9922480620155039,1.0,0.9777777777777777,0.9887640449438202,0.9888888888888889,0.22654366493225098
LONG_METHOD_random_forest,0.9884153846153846,0.9825176767676769,0.9844444444444445,0.9824455624355005,0.9873529411764705,1.0,1.0,1.0,1.0,1.0,2.256624937057495
