,Accuracy,Precision,Recall,F1,ROC,Test_Accuracy,Test_Precision,Test_Recall,Test_F1,Test_ROC,Training_time
DATA_CLASS_decision_tree,0.9718518518518521,0.961550505050505,0.95875,0.9583065015479876,0.9687377450980391,0.9846153846153847,1.0,0.9607843137254902,0.98,0.9803921568627452,1.7929692268371582
DATA_CLASS_random_forest,0.988888888888889,0.9887777777777778,0.98,0.9832778637770897,0.9868300653594771,0.9923076923076923,1.0,0.9803921568627451,0.99009900990099,0.9901960784313726,2.3247177600860596
FEATURE_ENVY_decision_tree,0.9436769230769232,0.9329163059163059,0.898888888888889,0.909706498523836,0.9320915032679739,0.9147286821705426,0.8837209302325582,0.8636363636363636,0.8735632183908046,0.9024064171122995,0.23179197311401367
FEATURE_ENVY_random_forest,0.954046153846154,0.9375411255411256,0.925138888888889,0.9278333342783808,0.9463112745098039,0.9534883720930233,0.9318181818181818,0.9318181818181818,0.9318181818181818,0.9482620320855615,2.461277484893799
GOD_CLASS_decision_tree,0.958774928774929,0.9569660894660896,0.9247222222222223,0.9375728414172687,0.9504656862745098,0.9846153846153847,0.9534883720930233,1.0,0.9761904761904763,0.9887640449438202,0.21496891975402832
GOD_CLASS_random_forest,0.9748290598290599,0.9745757575757577,0.9552777777777779,0.9625503955968352,0.9700898692810458,0.9846153846153847,0.9534883720930233,1.0,0.9761904761904763,0.9887640449438202,2.1907951831817627
LONG_METHOD_decision_tree,0.9892307692307692,0.982959595959596,0.9858333333333333,0.9834864121087031,0.9883741830065358,1.0,1.0,1.0,1.0,1.0,0.24530386924743652
LONG_METHOD_random_forest,0.9879384615384614,0.9803484848484848,0.9843055555555554,0.9813689370485037,0.9869893790849673,1.0,1.0,1.0,1.0,1.0,2.216249704360962
