,Accuracy,Precision,Recall,F1,ROC,Test_Accuracy,Test_Precision,Test_Recall,Test_F1,Test_ROC,Training_time
DATA_CLASS_decision_tree,0.9721509971509971,0.9601200466200467,0.9633333333333333,0.9590798721402436,0.9700816993464052,0.9692307692307692,0.9795918367346939,0.9411764705882353,0.96,0.9642591213700671,1.6443417072296143
DATA_CLASS_random_forest,0.9935754985754985,0.995,0.9866666666666667,0.9901625386996904,0.9919281045751634,0.9923076923076923,1.0,0.9803921568627451,0.99009900990099,0.9901960784313726,2.3610498905181885
FEATURE_ENVY_decision_tree,0.9475384615384617,0.9290375180375182,0.9159722222222222,0.9178162686127083,0.939407679738562,0.9147286821705426,0.9024390243902439,0.8409090909090909,0.8705882352941177,0.8969251336898395,0.2625010013580322
FEATURE_ENVY_random_forest,0.9567846153846155,0.9410865800865801,0.9313888888888888,0.9328746508049914,0.9502042483660129,0.9457364341085271,0.9111111111111111,0.9318181818181818,0.9213483146067416,0.9423796791443849,2.7312819957733154
GOD_CLASS_decision_tree,0.9645014245014246,0.9672810245310245,0.9305555555555555,0.9455747456877487,0.9563398692810458,0.9769230769230769,0.9523809523809523,0.975609756097561,0.963855421686747,0.9765689229926007,0.2358558177947998
GOD_CLASS_random_forest,0.9755270655270656,0.9746262626262626,0.9552777777777777,0.9630177158582732,0.9707434640522876,0.9846153846153847,0.9534883720930233,1.0,0.9761904761904763,0.9887640449438202,2.493352174758911
LONG_METHOD_decision_tree,0.9860461538461539,0.9863333333333334,0.9725,0.9778482357855424,0.9825081699346404,0.9922480620155039,1.0,0.9777777777777777,0.9887640449438202,0.9888888888888889,0.2375319004058838
LONG_METHOD_random_forest,0.9876769230769231,0.9818207070707069,0.9822222222222223,0.981108789129687,0.9862418300653595,1.0,1.0,1.0,1.0,1.0,2.5212063789367676
