,Accuracy,Precision,Recall,F1,ROC,Test_Accuracy,Test_Precision,Test_Recall,Test_F1,Test_ROC,Training_time
DATA_CLASS_decision_tree,0.9755555555555557,0.9674224386724387,0.9634722222222223,0.9635839844709814,0.9724877450980393,0.9692307692307692,0.9795918367346939,0.9411764705882353,0.96,0.9642591213700671,0.2385871410369873
DATA_CLASS_random_forest,0.9897008547008548,0.9836818181818182,0.9886111111111111,0.9851211853162317,0.9893709150326798,0.9846153846153847,1.0,0.9607843137254902,0.98,0.9803921568627452,2.1978373527526855
FEATURE_ENVY_decision_tree,0.9467538461538462,0.9293758186258186,0.9118055555555554,0.9163787698369742,0.9376184640522875,0.9224806201550387,0.9047619047619048,0.8636363636363636,0.8837209302325582,0.9082887700534759,0.22501921653747559
FEATURE_ENVY_random_forest,0.9552307692307694,0.9390284992784994,0.9304166666666667,0.9308807066686324,0.9488521241830066,0.9612403100775194,0.9333333333333333,0.9545454545454546,0.9438202247191012,0.9596256684491979,2.2705135345458984
GOD_CLASS_decision_tree,0.9606695156695158,0.9664343434343433,0.9211111111111111,0.9392944493586909,0.9509803921568627,0.9769230769230769,0.9523809523809523,0.975609756097561,0.963855421686747,0.9765689229926007,0.22691702842712402
GOD_CLASS_random_forest,0.9751282051282051,0.9739595959595959,0.9545833333333335,0.962577927662293,0.9700531045751635,0.9846153846153847,0.9534883720930233,1.0,0.9761904761904763,0.9887640449438202,2.1927974224090576
LONG_METHOD_decision_tree,0.9853538461538462,0.9767449494949497,0.9823611111111111,0.9779180917981227,0.9846282679738562,0.9844961240310077,0.9777777777777777,0.9777777777777777,0.9777777777777777,0.982936507936508,0.22459101676940918
LONG_METHOD_random_forest,0.9896,0.98275,0.9865277777777777,0.9837881836945306,0.9887050653594772,1.0,1.0,1.0,1.0,1.0,2.2320432662963867
