,Accuracy,Precision,Recall,F1,ROC,Test_Accuracy,Test_Precision,Test_Recall,Test_F1,Test_ROC,Training_time
DATA_CLASS_decision_tree,0.9740170940170941,0.9696161616161616,0.9572222222222223,0.9613662342129835,0.969918300653595,0.9769230769230769,1.0,0.9411764705882353,0.9696969696969697,0.9705882352941176,0.21555519104003906
DATA_CLASS_random_forest,0.980940170940171,0.958979797979798,0.9898611111111112,0.9727197282421741,0.9830351307189542,0.9692307692307692,0.9607843137254902,0.9607843137254902,0.9607843137254902,0.9677339290146438,8.489957571029663
FEATURE_ENVY_decision_tree,0.9471076923076924,0.9210544733044737,0.9280555555555555,0.9162343535377593,0.9420016339869279,0.9457364341085271,0.8936170212765957,0.9545454545454546,0.9230769230769231,0.9478609625668449,0.20719099044799805
FEATURE_ENVY_random_forest,0.9652615384615386,0.9289116161616162,0.9756944444444444,0.9490142390289449,0.9678962418300653,0.9457364341085271,0.8936170212765957,0.9545454545454546,0.9230769230769231,0.9478609625668449,4.30275821685791
GOD_CLASS_decision_tree,0.966880341880342,0.9587500000000001,0.9483333333333335,0.9505759373925008,0.9623856209150327,0.9538461538461539,0.9487179487179487,0.9024390243902439,0.9249999999999999,0.9399835571389421,0.21759271621704102
GOD_CLASS_random_forest,0.9717378917378919,0.9618813131313132,0.9597222222222223,0.9585339697282421,0.9688316993464052,0.9846153846153847,0.9534883720930233,1.0,0.9761904761904763,0.9887640449438202,4.505807638168335
LONG_METHOD_decision_tree,0.9687076923076924,0.9422520812520814,0.9722222222222223,0.9535397596040012,0.9698692810457515,0.9457364341085271,0.9318181818181818,0.9111111111111111,0.9213483146067416,0.9376984126984127,0.2091367244720459
LONG_METHOD_random_forest,0.9860923076923078,0.9754747474747475,0.9858333333333335,0.9792799400461939,0.9860375816993464,0.9922480620155039,1.0,0.9777777777777777,0.9887640449438202,0.9888888888888889,3.109539270401001
