,Accuracy,Precision,Recall,F1,ROC,Test_Accuracy,Test_Precision,Test_Recall,Test_F1,Test_ROC,Training_time
DATA_CLASS_decision_tree,0.9641025641025643,0.9587871572871571,0.9418055555555555,0.9465285293369827,0.9587622549019609,0.9615384615384616,1.0,0.9019607843137255,0.9484536082474228,0.9509803921568627,0.2008676528930664
DATA_CLASS_random_forest,0.9954131054131053,0.991459595959596,0.9966666666666666,0.9935776205218929,0.9957352941176469,0.9846153846153847,1.0,0.9607843137254902,0.98,0.9803921568627452,3.795564889907837
FEATURE_ENVY_decision_tree,0.9594153846153846,0.9267398989898991,0.9591666666666666,0.9388431627711813,0.9593872549019606,0.9457364341085271,0.8936170212765957,0.9545454545454546,0.9230769230769231,0.9478609625668449,0.21760344505310059
FEATURE_ENVY_random_forest,0.9644307692307694,0.9267698412698412,0.9738888888888888,0.947575556538405,0.9669281045751633,0.9457364341085271,0.8936170212765957,0.9545454545454546,0.9230769230769231,0.9478609625668449,4.244526147842407
GOD_CLASS_decision_tree,0.9725641025641028,0.9641969696969699,0.9594444444444445,0.9593793921077204,0.969297385620915,0.9846153846153847,0.9534883720930233,1.0,0.9761904761904763,0.9887640449438202,0.21816277503967285
GOD_CLASS_random_forest,0.970897435897436,0.9610891053391053,0.9572222222222223,0.9568700550395597,0.9675326797385619,0.9846153846153847,0.9534883720930233,1.0,0.9761904761904763,0.9887640449438202,4.442103862762451
LONG_METHOD_decision_tree,0.9764307692307694,0.9650310245310245,0.9679166666666668,0.9642166577832212,0.9741870915032681,0.9922480620155039,1.0,0.9777777777777777,0.9887640449438202,0.9888888888888889,0.21910476684570312
LONG_METHOD_random_forest,0.9903538461538463,0.9846388888888888,0.9872222222222223,0.985171052631579,0.9896405228758169,1.0,1.0,1.0,1.0,1.0,3.377682685852051
