,Accuracy,Precision,Recall,F1,ROC,Test_Accuracy,Test_Precision,Test_Recall,Test_F1,Test_ROC,Training_time
DATA_CLASS_decision_tree,0.9656125356125357,0.953017316017316,0.9504166666666666,0.9467703383647657,0.9618259803921569,0.9615384615384616,0.96,0.9411764705882353,0.9504950495049505,0.9579300074460164,0.20778298377990723
DATA_CLASS_random_forest,0.9862393162393164,0.9744646464646465,0.9884722222222223,0.9798324005715646,0.9867197712418302,0.9769230769230769,0.98,0.9607843137254902,0.9702970297029702,0.9740630429386946,3.978060245513916
FEATURE_ENVY_decision_tree,0.9486923076923077,0.9235468975468976,0.9276388888888889,0.9209131293543058,0.9432312091503267,0.9457364341085271,0.8936170212765957,0.9545454545454546,0.9230769230769231,0.9478609625668449,0.22044634819030762
FEATURE_ENVY_random_forest,0.965246153846154,0.9277146464646466,0.9759722222222222,0.9487479605877439,0.9680024509803922,0.9457364341085271,0.8936170212765957,0.9545454545454546,0.9230769230769231,0.9478609625668449,7.251689910888672
GOD_CLASS_decision_tree,0.9697863247863249,0.9559685314685314,0.9618055555555557,0.9561594215038488,0.9678635620915033,0.9615384615384616,0.95,0.926829268292683,0.9382716049382716,0.9521786790901616,0.20131993293762207
GOD_CLASS_random_forest,0.9747578347578348,0.9630555555555557,0.9666666666666666,0.9633357904565335,0.9729411764705883,0.9846153846153847,0.9534883720930233,1.0,0.9761904761904763,0.9887640449438202,4.368009567260742
LONG_METHOD_decision_tree,0.9845692307692308,0.9761666666666667,0.9786111111111111,0.9760628654970762,0.9830964052287581,0.9922480620155039,1.0,0.9777777777777777,0.9887640449438202,0.9888888888888889,0.23886632919311523
LONG_METHOD_random_forest,0.9922923076923077,0.9900555555555556,0.9879166666666666,0.9882281193179026,0.9910988562091503,0.9922480620155039,1.0,0.9777777777777777,0.9887640449438202,0.9888888888888889,4.367530345916748
