,Accuracy,Precision,Recall,F1,ROC,Test_Accuracy,Test_Precision,Test_Recall,Test_F1,Test_ROC,Training_time
DATA_CLASS_decision_tree,0.9889316239316238,0.987709595959596,0.9809722222222222,0.9834143446852426,0.9870547385620916,0.9692307692307692,0.9795918367346939,0.9411764705882353,0.96,0.9642591213700671,0.2280726432800293
DATA_CLASS_random_forest,0.9816524216524216,0.9603535353535354,0.9911111111111113,0.9740169418644652,0.9839379084967318,0.9769230769230769,1.0,0.9411764705882353,0.9696969696969697,0.9705882352941176,6.545037031173706
FEATURE_ENVY_decision_tree,0.9305076923076925,0.9164592352092353,0.88,0.8890035259717922,0.9177777777777778,0.9457364341085271,0.9302325581395349,0.9090909090909091,0.9195402298850575,0.9368983957219251,0.23151636123657227
FEATURE_ENVY_random_forest,0.9652923076923078,0.9281616161616162,0.9765277777777777,0.9492607499140007,0.9683455882352942,0.9457364341085271,0.8936170212765957,0.9545454545454546,0.9230769230769231,0.9478609625668449,4.465019464492798
GOD_CLASS_decision_tree,0.9732763532763535,0.9607979797979799,0.965138888888889,0.9611094771241829,0.9712459150326797,0.9846153846153847,0.9534883720930233,1.0,0.9761904761904763,0.9887640449438202,0.2326059341430664
GOD_CLASS_random_forest,0.9736894586894589,0.9621237373737376,0.9654166666666667,0.9612113863089096,0.9716952614379085,0.9846153846153847,0.9534883720930233,1.0,0.9761904761904763,0.9887640449438202,5.7406556606292725
LONG_METHOD_decision_tree,0.9714461538461541,0.9469729437229438,0.9740277777777777,0.9574121578455944,0.9721772875816994,0.9612403100775194,0.9166666666666666,0.9777777777777777,0.946236559139785,0.965079365079365,0.23535609245300293
LONG_METHOD_random_forest,0.9926769230769231,0.9908484848484848,0.9881944444444444,0.9888555211558309,0.9914828431372549,1.0,1.0,1.0,1.0,1.0,4.91625714302063
