,Accuracy,Precision,Recall,F1,ROC,Test_Accuracy,Test_Precision,Test_Recall,Test_F1,Test_ROC,Training_time
DATA_CLASS_decision_tree,0.982022792022792,0.9757398989898989,0.9741666666666667,0.9732301341589269,0.9801552287581698,0.9692307692307692,0.9795918367346939,0.9411764705882353,0.96,0.9642591213700671,0.2385578155517578
DATA_CLASS_random_forest,0.9935897435897436,0.9922525252525253,0.9898611111111112,0.9902903336773307,0.9926266339869281,0.9846153846153847,1.0,0.9607843137254902,0.98,0.9803921568627452,7.813444137573242
FEATURE_ENVY_decision_tree,0.9458769230769231,0.9237575757575758,0.9226388888888887,0.9166185703701184,0.9399632352941175,0.9457364341085271,0.9512195121951219,0.8863636363636364,0.9176470588235294,0.9314171122994651,0.24469995498657227
FEATURE_ENVY_random_forest,0.9651846153846155,0.9272323232323234,0.9765277777777777,0.9491764705882352,0.9682312091503268,0.9457364341085271,0.8936170212765957,0.9545454545454546,0.9230769230769231,0.9478609625668449,8.732847929000854
GOD_CLASS_decision_tree,0.9713817663817664,0.9618636363636364,0.9580555555555555,0.9575830507641654,0.968014705882353,0.9846153846153847,0.9534883720930233,1.0,0.9761904761904763,0.9887640449438202,0.2335197925567627
GOD_CLASS_random_forest,0.9717236467236466,0.9605050505050506,0.9606944444444445,0.9585588235294118,0.9690727124183006,0.9846153846153847,0.9534883720930233,1.0,0.9761904761904763,0.9887640449438202,6.29279088973999
LONG_METHOD_decision_tree,0.9749076923076924,0.9549065656565656,0.9737499999999999,0.9617316093778941,0.9746527777777777,0.9612403100775194,0.9166666666666666,0.9777777777777777,0.946236559139785,0.965079365079365,0.2359485626220703
LONG_METHOD_random_forest,0.9869076923076925,0.9770025252525254,0.9858333333333335,0.9802976927613151,0.9866094771241829,0.9922480620155039,1.0,0.9777777777777777,0.9887640449438202,0.9888888888888889,6.550967216491699
