,Accuracy,Precision,Recall,F1,ROC,Test_Accuracy,Test_Precision,Test_Recall,Test_F1,Test_ROC,Training_time
DATA_CLASS_decision_tree,0.9912250712250712,0.9902525252525254,0.9854166666666667,0.987046525627795,0.9898161764705883,0.9692307692307692,1.0,0.9215686274509803,0.9591836734693878,0.9607843137254901,0.21214532852172852
DATA_CLASS_random_forest,0.9938746438746439,0.9853232323232324,0.9988888888888888,0.9915510835913313,0.9950980392156863,0.9769230769230769,1.0,0.9411764705882353,0.9696969696969697,0.9705882352941176,4.740525722503662
FEATURE_ENVY_decision_tree,0.944723076923077,0.9212777777777778,0.9191666666666666,0.9143599827245338,0.9381617647058822,0.9147286821705426,0.8666666666666667,0.8863636363636364,0.8764044943820225,0.9078877005347593,0.215409517288208
FEATURE_ENVY_random_forest,0.965246153846154,0.9277853535353537,0.9761111111111112,0.9491229421593198,0.9680065359477124,0.9457364341085271,0.8936170212765957,0.9545454545454546,0.9230769230769231,0.9478609625668449,4.966963052749634
GOD_CLASS_decision_tree,0.9725498575498577,0.9665707070707069,0.9552777777777777,0.9588366013071896,0.9683741830065361,0.9846153846153847,0.9534883720930233,1.0,0.9761904761904763,0.9887640449438202,0.21452808380126953
GOD_CLASS_random_forest,0.9717236467236468,0.9605328282828283,0.9615277777777778,0.9584835004177108,0.9692279411764706,0.9846153846153847,0.9534883720930233,1.0,0.9761904761904763,0.9887640449438202,6.874403715133667
LONG_METHOD_decision_tree,0.9868307692307694,0.9832103174603176,0.9772222222222223,0.9789406604747163,0.9843627450980392,0.9844961240310077,0.9777777777777777,0.9777777777777777,0.9777777777777777,0.982936507936508,0.22541451454162598
LONG_METHOD_random_forest,0.9895692307692309,0.9842171717171717,0.9859722222222222,0.9842224802201582,0.9886887254901962,1.0,1.0,1.0,1.0,1.0,5.431501388549805
