,Accuracy,Precision,Recall,F1,ROC,Test_Accuracy,Test_Precision,Test_Recall,Test_F1,Test_ROC,Training_time
DATA_CLASS_decision_tree,0.9893162393162394,0.9914343434343436,0.9783333333333334,0.983530234900978,0.9865196078431373,0.9692307692307692,0.9795918367346939,0.9411764705882353,0.96,0.9642591213700671,0.2477881908416748
DATA_CLASS_random_forest,0.9931196581196582,0.9867525252525253,0.9955555555555555,0.9903988279522334,0.9937091503267973,0.9846153846153847,1.0,0.9607843137254902,0.98,0.9803921568627452,8.76742172241211
FEATURE_ENVY_decision_tree,0.9501846153846155,0.9252756132756133,0.9284722222222223,0.9215573010580751,0.9446282679738561,0.9457364341085271,0.8936170212765957,0.9545454545454546,0.9230769230769231,0.9478609625668449,0.24242281913757324
FEATURE_ENVY_random_forest,0.9649230769230769,0.9283585858585858,0.9747222222222223,0.9483007150228514,0.9673937908496731,0.9457364341085271,0.8936170212765957,0.9545454545454546,0.9230769230769231,0.9478609625668449,4.4574785232543945
GOD_CLASS_decision_tree,0.9634188034188037,0.9454022366522369,0.9526388888888888,0.9460568086883876,0.9607802287581699,0.9846153846153847,0.9534883720930233,1.0,0.9761904761904763,0.9887640449438202,0.29598021507263184
GOD_CLASS_random_forest,0.9724358974358976,0.9592146464646464,0.9641666666666667,0.9598258513931889,0.9704820261437908,0.9846153846153847,0.9534883720930233,1.0,0.9761904761904763,0.9887640449438202,4.134570121765137
LONG_METHOD_decision_tree,0.9818307692307693,0.975570707070707,0.9718055555555557,0.9720168190083052,0.9793504901960784,0.9922480620155039,1.0,0.9777777777777777,0.9887640449438202,0.9888888888888889,0.25759315490722656
LONG_METHOD_random_forest,0.9856461538461538,0.9712651515151515,0.9881944444444444,0.9788865669074649,0.9863357843137256,0.9844961240310077,0.9777777777777777,0.9777777777777777,0.9777777777777777,0.982936507936508,6.231441974639893
