,Accuracy,Precision,Recall,F1,ROC,Test_Accuracy,Test_Precision,Test_Recall,Test_F1,Test_ROC,Training_time
DATA_CLASS_decision_tree,0.9881623931623932,0.9893232323232323,0.9776388888888888,0.9821498108015136,0.9856168300653596,0.9692307692307692,0.9795918367346939,0.9411764705882353,0.96,0.9642591213700671,0.23915910720825195
DATA_CLASS_random_forest,0.9942450142450141,0.9861666666666666,0.9988888888888888,0.9920733205562928,0.995375816993464,0.9769230769230769,1.0,0.9411764705882353,0.9696969696969697,0.9705882352941176,7.128936529159546
FEATURE_ENVY_decision_tree,0.9478923076923077,0.9210555555555555,0.9298611111111111,0.9186291615161585,0.9433129084967318,0.9457364341085271,0.8936170212765957,0.9545454545454546,0.9230769230769231,0.9478609625668449,0.2283468246459961
FEATURE_ENVY_random_forest,0.9643999999999999,0.9287447552447553,0.9743055555555558,0.9484403410487002,0.9671037581699347,0.9457364341085271,0.8936170212765957,0.9545454545454546,0.9230769230769231,0.9478609625668449,5.984394788742065
GOD_CLASS_decision_tree,0.9706125356125358,0.9645176767676767,0.9526388888888888,0.9560544007076516,0.9662050653594771,0.9846153846153847,0.9534883720930233,1.0,0.9761904761904763,0.9887640449438202,0.21092844009399414
GOD_CLASS_random_forest,0.9725498575498578,0.9615606060606061,0.9620833333333334,0.9598293773649812,0.9700939542483661,0.9846153846153847,0.9534883720930233,1.0,0.9761904761904763,0.9887640449438202,5.679877758026123
LONG_METHOD_decision_tree,0.9880615384615387,0.9828762626262627,0.9831944444444446,0.9817790800530739,0.9866952614379084,0.9922480620155039,1.0,0.9777777777777777,0.9887640449438202,0.9888888888888889,0.2469005584716797
LONG_METHOD_random_forest,0.9930307692307692,0.9915277777777777,0.9879166666666666,0.98912564499484,0.991687091503268,0.9922480620155039,1.0,0.9777777777777777,0.9887640449438202,0.9888888888888889,6.108766794204712
