,Accuracy,Precision,Recall,F1,ROC,Test_Accuracy,Test_Precision,Test_Recall,Test_F1,Test_ROC,Training_time
DATA_CLASS_decision_tree,0.972920227920228,0.957450937950938,0.96875,0.9598984102412895,0.971956699346405,0.9615384615384616,0.96,0.9411764705882353,0.9504950495049505,0.9579300074460164,0.23871207237243652
DATA_CLASS_random_forest,0.9812393162393164,0.9572582972582973,0.9933333333333334,0.9736442208462333,0.9841993464052288,0.9692307692307692,0.9795918367346939,0.9411764705882353,0.96,0.9642591213700671,5.152336359024048
FEATURE_ENVY_decision_tree,0.9533538461538461,0.9186237373737373,0.9509722222222221,0.9299082444043745,0.952986111111111,0.9457364341085271,0.8936170212765957,0.9545454545454546,0.9230769230769231,0.9478609625668449,0.2546679973602295
FEATURE_ENVY_random_forest,0.9640769230769232,0.9293661616161616,0.9694444444444444,0.9468580642783431,0.9655392156862744,0.9457364341085271,0.8936170212765957,0.9545454545454546,0.9230769230769231,0.9478609625668449,6.16802716255188
GOD_CLASS_decision_tree,0.9683618233618234,0.9608409090909091,0.9491666666666667,0.9527850508624504,0.9635539215686275,0.9615384615384616,0.95,0.926829268292683,0.9382716049382716,0.9521786790901616,0.26608777046203613
GOD_CLASS_random_forest,0.971766381766382,0.9612272727272727,0.9605555555555557,0.9582461064047753,0.9690522875816993,0.9846153846153847,0.9534883720930233,1.0,0.9761904761904763,0.9887640449438202,5.321209669113159
LONG_METHOD_decision_tree,0.9849538461538461,0.9794318181818181,0.9763888888888889,0.9766084942749029,0.9827696078431373,0.9922480620155039,1.0,0.9777777777777777,0.9887640449438202,0.9888888888888889,0.23883509635925293
LONG_METHOD_random_forest,0.9915230769230771,0.9875555555555556,0.9881944444444444,0.9871035431716547,0.9906495098039215,1.0,1.0,1.0,1.0,1.0,6.506407260894775
