,Accuracy,Precision,Recall,F1,ROC,Test_Accuracy,Test_Precision,Test_Recall,Test_F1,Test_ROC,Training_time
DATA_CLASS_decision_tree,0.9716951566951566,0.959614357864358,0.9597222222222221,0.9560368823642819,0.9685212418300653,0.9615384615384616,0.96,0.9411764705882353,0.9504950495049505,0.9579300074460164,0.23511552810668945
DATA_CLASS_random_forest,0.9839601139601141,0.9615050505050504,0.9966666666666666,0.977737186102511,0.9870588235294118,0.9846153846153847,0.9803921568627451,0.9803921568627451,0.9803921568627451,0.9838669645073219,5.02746057510376
FEATURE_ENVY_decision_tree,0.9478615384615386,0.9379717782217781,0.9090277777777778,0.9164547147898543,0.9379289215686274,0.9457364341085271,0.9302325581395349,0.9090909090909091,0.9195402298850575,0.9368983957219251,0.27123308181762695
FEATURE_ENVY_random_forest,0.9648153846153847,0.9267247474747475,0.9752777777777777,0.9484823332841908,0.9674754901960783,0.9457364341085271,0.8936170212765957,0.9545454545454546,0.9230769230769231,0.9478609625668449,5.632259130477905
GOD_CLASS_decision_tree,0.9664102564102565,0.9561800144300144,0.9488888888888889,0.9495006634232641,0.9619771241830065,0.9538461538461539,1.0,0.8536585365853658,0.9210526315789475,0.9268292682926829,0.24541902542114258
GOD_CLASS_random_forest,0.9714102564102565,0.9607929292929295,0.9609722222222223,0.9585260332203057,0.9689011437908497,0.9846153846153847,0.9534883720930233,1.0,0.9761904761904763,0.9887640449438202,5.408146381378174
LONG_METHOD_decision_tree,0.9776153846153848,0.9701857864357863,0.9641666666666666,0.9649244321210264,0.9739950980392158,0.9844961240310077,1.0,0.9555555555555556,0.9772727272727273,0.9777777777777779,0.23225784301757812
LONG_METHOD_random_forest,0.9915076923076924,0.9873055555555557,0.9881944444444444,0.9869880460956313,0.9906985294117646,1.0,1.0,1.0,1.0,1.0,6.483640193939209
