,Accuracy,Precision,Recall,F1,ROC,Test_Accuracy,Test_Precision,Test_Recall,Test_F1,Test_ROC,Training_time
DATA_CLASS_decision_tree,0.970911680911681,0.9610479797979798,0.9583333333333335,0.9569928743427195,0.9677941176470588,0.9615384615384616,0.9791666666666666,0.9215686274509803,0.9494949494949494,0.9544551998014394,0.21999359130859375
DATA_CLASS_random_forest,0.9811965811965814,0.9564924242424244,0.9943055555555556,0.9739463855717726,0.9843423202614378,0.9692307692307692,0.9795918367346939,0.9411764705882353,0.96,0.9642591213700671,4.354952812194824
FEATURE_ENVY_decision_tree,0.9518615384615384,0.9531132756132756,0.9015277777777778,0.9211302530458877,0.9386723856209148,0.9457364341085271,0.9111111111111111,0.9318181818181818,0.9213483146067416,0.9423796791443849,0.22556662559509277
FEATURE_ENVY_random_forest,0.9628923076923077,0.9270815295815296,0.9686111111111111,0.944810629514964,0.9643382352941176,0.9457364341085271,0.8936170212765957,0.9545454545454546,0.9230769230769231,0.9478609625668449,4.276638984680176
GOD_CLASS_decision_tree,0.9698148148148148,0.9706818181818181,0.9429166666666666,0.954217492260062,0.9633537581699346,0.9615384615384616,0.95,0.926829268292683,0.9382716049382716,0.9521786790901616,0.21858477592468262
GOD_CLASS_random_forest,0.9737179487179488,0.9607954545454547,0.9652777777777779,0.9615388716890265,0.9716584967320262,0.9846153846153847,0.9534883720930233,1.0,0.9761904761904763,0.9887640449438202,4.6001787185668945
LONG_METHOD_decision_tree,0.9829692307692308,0.9756976911976912,0.9744444444444444,0.9737089783281734,0.9809477124183006,0.9767441860465116,0.9375,1.0,0.967741935483871,0.9821428571428572,0.23124170303344727
LONG_METHOD_random_forest,0.9899538461538462,0.9826666666666668,0.9876388888888888,0.9842476780185759,0.9892933006535947,1.0,1.0,1.0,1.0,1.0,5.596034288406372
