,Accuracy,Precision,Recall,F1,ROC,Test_Accuracy,Test_Precision,Test_Recall,Test_F1,Test_ROC,Training_time
DATA_CLASS_decision_tree,0.972891737891738,0.9596825396825398,0.9651388888888889,0.9589223426212591,0.970984477124183,0.9615384615384616,0.96,0.9411764705882353,0.9504950495049505,0.9579300074460164,0.23395419120788574
DATA_CLASS_random_forest,0.9813105413105414,0.9585757575757577,0.9920833333333333,0.9739033367733059,0.9838684640522876,0.9769230769230769,0.98,0.9607843137254902,0.9702970297029702,0.9740630429386946,5.032155275344849
FEATURE_ENVY_decision_tree,0.9506000000000001,0.9208625541125541,0.9383333333333332,0.9240187355644012,0.9478431372549018,0.9457364341085271,0.8936170212765957,0.9545454545454546,0.9230769230769231,0.9478609625668449,0.23431873321533203
FEATURE_ENVY_random_forest,0.9633076923076923,0.9292247474747475,0.9683333333333334,0.945748550297312,0.9647222222222221,0.9457364341085271,0.8936170212765957,0.9545454545454546,0.9230769230769231,0.9478609625668449,6.247323751449585
GOD_CLASS_decision_tree,0.9721509971509973,0.961020202020202,0.9620833333333334,0.9593298933608532,0.9697671568627452,0.9846153846153847,0.9534883720930233,1.0,0.9761904761904763,0.9887640449438202,0.2398073673248291
GOD_CLASS_random_forest,0.9733190883190885,0.9688636363636364,0.955,0.9598151137648042,0.9688235294117648,0.9692307692307692,0.9512195121951219,0.9512195121951219,0.9512195121951219,0.9643738010413812,6.02694296836853
LONG_METHOD_decision_tree,0.9873076923076924,0.9826262626262627,0.9809722222222222,0.9807865988500662,0.9856004901960784,0.9922480620155039,1.0,0.9777777777777777,0.9887640449438202,0.9888888888888889,0.24226951599121094
LONG_METHOD_random_forest,0.9899692307692308,0.983111111111111,0.9879166666666666,0.9845352597179223,0.9894158496732026,1.0,1.0,1.0,1.0,1.0,6.584133625030518
