,Accuracy,Precision,Recall,F1,ROC,Test_Accuracy,Test_Precision,Test_Recall,Test_F1,Test_ROC,Training_time
DATA_CLASS_decision_tree,0.975897435897436,0.9621724386724388,0.9711111111111111,0.9641810408373876,0.9748366013071894,0.9615384615384616,0.96,0.9411764705882353,0.9504950495049505,0.9579300074460164,0.253338098526001
DATA_CLASS_random_forest,0.9836182336182336,0.9610764790764793,0.9955555555555555,0.9769399724802201,0.9865522875816992,0.9769230769230769,0.98,0.9607843137254902,0.9702970297029702,0.9740630429386946,5.3223865032196045
FEATURE_ENVY_decision_tree,0.9579384615384616,0.9316176046176047,0.9477777777777778,0.9346653917977448,0.9550653594771241,0.9457364341085271,0.8936170212765957,0.9545454545454546,0.9230769230769231,0.9478609625668449,0.24331092834472656
FEATURE_ENVY_random_forest,0.9621692307692308,0.9276919191919193,0.9669444444444444,0.9439306108408274,0.9634885620915032,0.9457364341085271,0.8936170212765957,0.9545454545454546,0.9230769230769231,0.9478609625668449,5.076044082641602
GOD_CLASS_decision_tree,0.9701994301994304,0.9605429292929293,0.9563888888888888,0.9562935647943388,0.9668709150326796,0.9769230769230769,0.9318181818181818,1.0,0.9647058823529412,0.9831460674157304,0.24535250663757324
GOD_CLASS_random_forest,0.9732763532763535,0.963239898989899,0.9615277777777778,0.9605893532851738,0.9703553921568628,0.9846153846153847,0.9534883720930233,1.0,0.9761904761904763,0.9887640449438202,4.736794710159302
LONG_METHOD_decision_tree,0.9899076923076925,0.9915984848484848,0.9786111111111111,0.9840580126787556,0.987017973856209,0.9922480620155039,1.0,0.9777777777777777,0.9887640449438202,0.9888888888888889,0.24628019332885742
LONG_METHOD_random_forest,0.9895692307692309,0.9821540404040405,0.9880555555555556,0.9842033883728931,0.9891584967320262,1.0,1.0,1.0,1.0,1.0,6.581554412841797
