,Accuracy,Precision,Recall,F1,ROC,Test_Accuracy,Test_Precision,Test_Recall,Test_F1,Test_ROC,Training_time
DATA_CLASS_decision_tree,0.9721652421652424,0.9612294372294373,0.9586111111111112,0.9579158066735467,0.9689133986928105,0.9615384615384616,0.96,0.9411764705882353,0.9504950495049505,0.9579300074460164,0.24112629890441895
DATA_CLASS_random_forest,0.9828205128205129,0.9624256854256856,0.9911111111111112,0.9754306845545235,0.9848692810457516,0.9769230769230769,0.98,0.9607843137254902,0.9702970297029702,0.9740630429386946,5.077052593231201
FEATURE_ENVY_decision_tree,0.9556769230769231,0.9238593073593073,0.9516666666666665,0.933166506953659,0.954656862745098,0.9457364341085271,0.8936170212765957,0.9545454545454546,0.9230769230769231,0.9478609625668449,0.2505002021789551
FEATURE_ENVY_random_forest,0.9621384615384616,0.9280992063492064,0.9669444444444444,0.9440252100840335,0.963390522875817,0.9457364341085271,0.8936170212765957,0.9545454545454546,0.9230769230769231,0.9478609625668449,5.016674518585205
GOD_CLASS_decision_tree,0.971794871794872,0.9622247474747475,0.9583333333333335,0.958107155142759,0.9684967320261438,0.9846153846153847,0.9534883720930233,1.0,0.9761904761904763,0.9887640449438202,0.24178504943847656
GOD_CLASS_random_forest,0.9721937321937323,0.959770202020202,0.9629166666666665,0.9593718610251117,0.9698897058823529,0.9846153846153847,0.9534883720930233,1.0,0.9761904761904763,0.9887640449438202,7.178438901901245
LONG_METHOD_decision_tree,0.9821846153846154,0.9733484848484849,0.9752777777777777,0.972747383163792,0.9804493464052286,0.9922480620155039,1.0,0.9777777777777777,0.9887640449438202,0.9888888888888889,0.2428584098815918
LONG_METHOD_random_forest,0.9914615384615385,0.9873762626262627,0.9879166666666666,0.9868803749570003,0.9905106209150327,1.0,1.0,1.0,1.0,1.0,6.596180200576782
